{
	"info": {
		"_postman_id": "3244d692-9066-4290-b2c0-8b8addabb178",
		"name": "Task Manager Collection",
		"schema": "https://schema.getpostman.com/json/collection/v2.1.0/collection.json",
		"_exporter_id": "29849593",
		"_collection_link": "https://winter-astronaut-914586.postman.co/workspace/New-Team-Workspace~e314f107-dc0e-445e-9fcc-f28226c97a37/collection/29849593-3244d692-9066-4290-b2c0-8b8addabb178?action=share&source=collection_link&creator=29849593"
	},
	"item": [
		{
			"name": "Create New Task",
			"request": {
				"method": "POST",
				"header": [],
				"body": {
					"mode": "raw",
					"raw": "{\r\n    \"task_description\":\"trial 3 of testing if the API creation is working as Expected\",\r\n    \"task_owner\":\"ashwini\",\r\n    \"task_owner_email\":\"ashwinikm3333@gmail.com\",\r\n    \"task_eta\":\"20-09-2023\"\r\n}",
					"options": {
						"raw": {
							"language": "json"
						}
					}
				},
				"url": {
					"raw": "localhost:8000/api/task",
					"host": [
						"localhost"
					],
					"port": "8000",
					"path": [
						"api",
						"task"
					]
				}
			},
			"response": []
		},
		{
			"name": "Create All Saved Tasks",
			"request": {
				"method": "GET",
				"header": [],
				"url": {
					"raw": "localhost:8000/api/task",
					"host": [
						"localhost"
					],
					"port": "8000",
					"path": [
						"api",
						"task"
					]
				}
			},
			"response": []
		},
		{
			"name": "Get Task By Id",
			"request": {
				"method": "GET",
				"header": [],
				"url": {
					"raw": "localhost:8000/api/task/1",
					"host": [
						"localhost"
					],
					"port": "8000",
					"path": [
						"api",
						"task",
						"1"
					]
				}
			},
			"response": []
		},
		{
			"name": "Update Task By Id",
			"request": {
				"method": "PUT",
				"header": [],
				"body": {
					"mode": "raw",
					"raw": "{\r\n    \"task_description\":\"trial change of testing if the API creation is working as Expected\",\r\n    \"task_owner\":\"ashwini\",\r\n    \"task_owner_email\":\"ashwinikm3333@gmail.com\",\r\n    \"task_eta\":\"20-09-2023\"\r\n}",
					"options": {
						"raw": {
							"language": "json"
						}
					}
				},
				"url": {
					"raw": "localhost:8000/api/task/1",
					"host": [
						"localhost"
					],
					"port": "8000",
					"path": [
						"api",
						"task",
						"1"
					]
				}
			},
			"response": []
		},
		{
			"name": "Mark Task As Done",
			"request": {
				"method": "POST",
				"header": [],
				"url": {
					"raw": "localhost:8000/api/task/done/1",
					"host": [
						"localhost"
					],
					"port": "8000",
					"path": [
						"api",
						"task",
						"done",
						"1"
					]
				}
			},
			"response": []
		},
		{
			"name": "Delete Task",
			"request": {
				"method": "DELETE",
				"header": [],
				"url": {
					"raw": "localhost:8000/api/task/3",
					"host": [
						"localhost"
					],
					"port": "8000",
					"path": [
						"api",
						"task",
						"3"
					]
				}
			},
			"response": []
		}
	]
}